episode,step,env_step,total_time,episode_reward
1,0,0,0.021999835968017578,-232.51243953282707
2,40,200,0.03899717330932617,-240.16663408979437
