episode,step,env_step,total_time,episode_reward
1,0,0,0.11007165908813477,-1573.319738017077
